"Date","Price","Open","High","Low","Vol.","Change %"
"Oct 11, 2021","110.34","111.14","111.40","110.28","4.60M","-0.76%"
"Oct 08, 2021","111.18","111.05","111.75","110.64","5.02M","0.28%"
"Oct 07, 2021","110.87","109.78","111.79","109.56","7.81M","1.42%"
"Oct 06, 2021","109.32","109.30","109.67","108.15","5.66M","-0.17%"
"Oct 05, 2021","109.51","109.39","110.58","109.10","7.15M","0.72%"
"Oct 04, 2021","108.73","108.84","110.20","107.69","6.81M","-0.33%"
"Oct 01, 2021","109.09","108.25","109.69","106.87","8.61M","1.13%"
"Sep 30, 2021","107.87","109.20","110.42","107.78","7.60M","-0.89%"
"Sep 29, 2021","108.84","107.85","109.58","107.47","6.26M","1.40%"
"Sep 28, 2021","107.34","107.62","108.62","107.04","6.23M","-0.35%"
"Sep 27, 2021","107.72","107.13","108.64","107.02","4.96M","0.61%"
"Sep 24, 2021","107.07","106.87","108.05","106.44","5.84M","-0.27%"
"Sep 23, 2021","107.36","106.99","108.27","106.65","5.84M","0.89%"
"Sep 22, 2021","106.41","107.01","107.58","105.93","6.31M","-0.69%"
"Sep 21, 2021","107.15","106.25","107.41","106.20","6.38M","0.70%"
"Sep 20, 2021","106.40","106.10","107.49","105.56","6.93M","-1.23%"
"Sep 17, 2021","107.73","107.50","108.25","107.10","14.17M","-0.32%"
"Sep 16, 2021","108.08","108.24","108.75","106.53","5.82M","0.29%"
"Sep 15, 2021","107.77","106.59","108.80","106.03","7.44M","1.21%"
"Sep 14, 2021","106.48","107.99","108.07","106.25","6.08M","-0.93%"
"Sep 13, 2021","107.48","107.39","108.77","106.81","7.38M","0.75%"
"Sep 10, 2021","106.68","107.48","108.32","106.36","7.62M","-0.55%"
"Sep 09, 2021","107.27","109.44","109.74","107.20","10.26M","-2.80%"
"Sep 08, 2021","110.36","108.06","110.90","107.72","10.77M","1.22%"
"Sep 07, 2021","109.03","110.45","111.57","108.32","11.68M","-2.32%"
"Sep 03, 2021","111.62","111.18","112.07","111.02","5.37M","-0.36%"
"Sep 02, 2021","112.02","113.55","113.74","110.82","14.71M","-0.22%"
"Sep 01, 2021","112.27","121.00","121.53","106.10","50.73M","-7.05%"
"Aug 31, 2021","120.78","120.83","121.17","120.03","5.95M","0.17%"
"Aug 30, 2021","120.57","119.84","120.90","119.54","3.25M","0.83%"
"Aug 27, 2021","119.58","120.34","120.64","119.42","4.28M","-0.68%"
"Aug 26, 2021","120.40","120.86","121.25","120.15","5.03M","0.00%"
"Aug 25, 2021","120.40","119.86","121.40","118.87","5.19M","0.60%"
"Aug 24, 2021","119.68","119.72","119.72","118.42","3.51M","0.27%"
"Aug 23, 2021","119.36","119.80","120.45","119.22","4.62M","0.45%"
"Aug 20, 2021","118.82","118.10","119.47","117.65","4.11M","0.75%"
"Aug 19, 2021","117.93","116.21","118.96","116.21","6.14M","0.55%"
"Aug 18, 2021","117.29","119.17","119.92","117.18","5.22M","-1.98%"
"Aug 17, 2021","119.66","118.08","119.74","118.00","6.53M","1.06%"
"Aug 16, 2021","118.41","117.00","118.62","116.71","8.11M","1.66%"
"Aug 13, 2021","116.48","115.82","116.76","115.70","4.42M","0.73%"
"Aug 12, 2021","115.64","113.96","115.73","113.91","4.85M","1.69%"
"Aug 11, 2021","113.72","115.16","115.34","113.54","6.81M","-0.96%"
"Aug 10, 2021","114.82","114.18","115.02","113.02","5.12M","0.67%"
"Aug 09, 2021","114.06","114.72","115.18","113.75","5.28M","-0.34%"
"Aug 06, 2021","114.45","115.26","115.55","114.43","5.34M","-0.58%"
"Aug 05, 2021","115.12","115.16","115.51","114.47","5.13M","0.03%"
"Aug 04, 2021","115.08","115.78","116.51","114.92","4.60M","-1.01%"
"Aug 03, 2021","116.25","115.74","116.26","114.91","5.90M","0.69%"
"Aug 02, 2021","115.45","116.63","117.23","115.45","9.25M","-0.73%"
"Jul 30, 2021","116.30","119.00","119.15","116.12","9.02M","-2.16%"
"Jul 29, 2021","118.87","119.11","119.11","118.15","4.63M","0.27%"
"Jul 28, 2021","118.55","117.74","118.92","117.38","5.65M","0.50%"
"Jul 27, 2021","117.96","117.61","118.30","116.80","3.77M","0.14%"
"Jul 26, 2021","117.79","118.05","118.44","117.27","3.73M","-0.34%"
"Jul 23, 2021","118.19","117.98","118.67","117.57","4.41M","0.55%"
"Jul 22, 2021","117.54","116.64","117.91","116.39","6.26M","0.47%"
"Jul 21, 2021","116.99","116.64","117.07","115.79","4.13M","0.81%"
"Jul 20, 2021","116.05","115.55","117.73","115.46","5.58M","0.55%"
"Jul 19, 2021","115.42","116.67","117.00","113.74","6.76M","-1.77%"
"Jul 16, 2021","117.50","117.91","118.33","116.92","6.83M","0.27%"
"Jul 15, 2021","117.18","116.93","117.48","115.83","4.54M","-0.15%"
"Jul 14, 2021","117.36","116.98","117.48","116.39","6.54M","-0.47%"
"Jul 13, 2021","117.91","117.78","118.07","116.70","6.54M","0.24%"
"Jul 12, 2021","117.63","116.80","118.32","116.67","8.15M","0.90%"
"Jul 09, 2021","116.58","116.30","117.32","116.11","4.82M","0.20%"
"Jul 08, 2021","116.35","115.81","116.80","115.69","3.95M","-0.34%"
"Jul 07, 2021","116.75","115.91","116.94","115.33","6.70M","0.88%"
"Jul 06, 2021","115.73","115.32","115.89","114.81","7.17M","0.49%"
"Jul 02, 2021","115.17","114.52","115.49","113.89","5.72M","0.80%"
"Jul 01, 2021","114.26","112.93","114.55","112.90","5.31M","1.44%"
"Jun 30, 2021","112.64","112.20","112.91","111.63","5.04M","0.30%"
"Jun 29, 2021","112.30","112.65","112.75","111.61","5.80M","-0.62%"
"Jun 28, 2021","113.00","113.29","114.09","112.86","5.14M","0.02%"
"Jun 25, 2021","112.98","112.90","113.59","112.14","11.71M","-1.53%"
"Jun 24, 2021","114.74","114.32","116.18","114.30","7.71M","0.65%"
"Jun 23, 2021","114.00","114.57","115.01","113.96","3.84M","-0.61%"
"Jun 22, 2021","114.70","114.61","115.26","113.89","4.36M","-0.03%"
"Jun 21, 2021","114.73","113.69","115.25","112.77","4.67M","1.42%"
"Jun 18, 2021","113.12","113.64","114.20","113.05","7.42M","-1.55%"
"Jun 17, 2021","114.90","114.98","115.89","114.03","4.17M","-0.55%"
"Jun 16, 2021","115.53","116.22","116.53","115.17","6.67M","-0.26%"
"Jun 15, 2021","115.83","115.36","115.94","114.52","3.59M","0.37%"
"Jun 14, 2021","115.40","115.07","115.48","114.19","4.43M","-0.02%"
"Jun 11, 2021","115.42","116.24","116.36","114.87","4.47M","-0.71%"
"Jun 10, 2021","116.24","114.36","116.99","114.15","6.26M","1.96%"
"Jun 09, 2021","114.00","112.88","114.42","112.74","4.88M","1.48%"
"Jun 08, 2021","112.34","112.68","113.09","111.82","4.11M","-0.59%"
"Jun 07, 2021","113.01","112.71","114.11","112.33","5.57M","0.58%"
"Jun 04, 2021","112.36","112.40","113.11","112.16","4.26M","0.13%"
"Jun 03, 2021","112.21","111.12","112.41","110.65","6.29M","0.73%"
"Jun 02, 2021","111.40","112.41","112.66","110.85","8.10M","-0.72%"
"Jun 01, 2021","112.21","113.70","113.99","112.04","6.85M","-0.87%"
"May 28, 2021","113.20","113.33","114.48","112.86","7.10M","0.78%"
"May 27, 2021","112.32","115.12","115.20","112.02","26.41M","-2.07%"
"May 26, 2021","114.70","114.53","114.74","113.76","5.80M","0.12%"
"May 25, 2021","114.56","115.97","116.00","114.19","6.57M","-1.16%"
"May 24, 2021","115.91","116.59","116.81","115.59","4.81M","-0.18%"
"May 21, 2021","116.12","117.52","118.28","116.06","5.58M","-0.85%"
"May 20, 2021","117.11","115.34","117.34","115.12","5.53M","1.09%"
"May 19, 2021","115.85","116.46","116.50","114.38","6.43M","-1.16%"
"May 18, 2021","117.21","116.11","117.90","115.32","8.17M","0.27%"
"May 17, 2021","116.89","116.77","117.70","116.56","6.18M","0.40%"
"May 14, 2021","116.43","117.36","117.59","116.38","6.27M","-0.15%"
"May 13, 2021","116.60","115.55","117.20","115.01","6.56M","1.43%"
"May 12, 2021","114.96","114.85","116.00","114.44","6.21M","0.06%"
"May 11, 2021","114.89","115.48","116.57","114.38","5.78M","-1.14%"
"May 10, 2021","116.22","116.38","117.20","115.97","7.09M","0.41%"
"May 07, 2021","115.75","116.38","116.93","114.96","6.81M","-0.28%"
"May 06, 2021","116.08","115.00","116.18","114.16","5.80M","0.26%"
"May 05, 2021","115.78","114.31","116.28","113.95","7.02M","1.65%"
"May 04, 2021","113.90","114.62","115.94","113.05","8.15M","-0.68%"
"May 03, 2021","114.68","112.40","115.10","111.59","9.14M","2.85%"
"Apr 30, 2021","111.50","111.47","112.31","110.11","10.58M","0.55%"
"Apr 29, 2021","110.89","112.38","112.61","110.33","6.77M","-0.93%"
"Apr 28, 2021","111.93","111.68","112.57","111.32","5.12M","0.44%"
"Apr 27, 2021","111.44","111.25","111.85","110.58","3.52M","0.04%"
"Apr 26, 2021","111.39","111.56","112.04","110.85","5.20M","0.01%"
"Apr 23, 2021","111.38","109.71","111.77","109.55","4.61M","1.21%"
"Apr 22, 2021","110.05","110.65","111.09","109.61","5.05M","-0.68%"
"Apr 21, 2021","110.80","109.79","111.44","109.35","6.18M","1.62%"
"Apr 20, 2021","109.03","108.12","109.56","108.05","5.41M","0.39%"
"Apr 19, 2021","108.61","107.97","108.73","107.12","4.54M","0.65%"
"Apr 16, 2021","107.91","107.49","108.55","107.14","8.21M","0.95%"
"Apr 15, 2021","106.89","105.99","106.95","105.62","5.73M","0.93%"
"Apr 14, 2021","105.90","106.22","106.67","105.58","7.77M","-2.14%"
"Apr 13, 2021","108.22","108.03","108.36","107.03","6.17M","-0.03%"
"Apr 12, 2021","108.25","107.82","108.57","107.36","5.65M","0.66%"
"Apr 09, 2021","107.54","106.39","107.72","106.05","5.98M","1.36%"
"Apr 08, 2021","106.10","105.40","106.92","105.35","5.88M","0.85%"
"Apr 07, 2021","105.21","105.53","106.13","104.17","8.04M","-0.16%"
"Apr 06, 2021","105.38","105.85","106.28","104.88","8.52M","-0.72%"
"Apr 05, 2021","106.14","109.08","109.08","105.40","10.58M","-2.19%"
"Apr 01, 2021","108.52","108.92","108.98","107.32","5.09M","0.28%"
"Mar 31, 2021","108.22","106.88","109.18","106.80","9.05M","1.34%"
"Mar 30, 2021","106.79","106.86","107.03","105.87","5.35M","0.06%"
"Mar 29, 2021","106.73","105.76","107.00","105.49","5.47M","0.71%"
"Mar 26, 2021","105.98","103.87","106.12","103.84","6.60M","2.02%"
"Mar 25, 2021","103.88","102.90","104.15","102.05","6.28M","0.80%"
"Mar 24, 2021","103.06","104.82","105.33","103.05","9.42M","-1.70%"
"Mar 23, 2021","104.84","105.37","105.94","104.51","6.11M","-1.00%"
"Mar 22, 2021","105.90","103.50","106.40","102.88","7.63M","2.40%"
"Mar 19, 2021","103.42","103.93","104.43","102.92","10.90M","-0.34%"
"Mar 18, 2021","103.77","104.00","104.99","103.42","8.68M","-1.21%"
"Mar 17, 2021","105.04","103.76","105.09","102.80","19.45M","-5.23%"
"Mar 16, 2021","110.84","109.95","111.08","109.90","5.57M","0.53%"
"Mar 15, 2021","110.26","108.67","110.36","108.36","6.64M","1.89%"
"Mar 12, 2021","108.22","107.80","108.58","107.37","5.34M","0.32%"
"Mar 11, 2021","107.87","108.13","108.63","107.34","4.67M","-0.12%"
"Mar 10, 2021","108.00","107.39","108.36","107.05","5.76M","1.13%"
"Mar 09, 2021","106.79","106.48","108.69","106.44","6.86M","0.64%"
"Mar 08, 2021","106.11","106.85","108.16","105.80","6.05M","-0.55%"
"Mar 05, 2021","106.70","106.01","106.99","104.07","7.28M","0.99%"
"Mar 04, 2021","105.65","106.50","107.75","104.95","7.50M","-0.99%"
"Mar 03, 2021","106.71","106.86","107.14","105.46","7.22M","-1.06%"
"Mar 02, 2021","107.85","108.85","109.38","107.81","5.49M","-0.52%"
"Mar 01, 2021","108.41","108.53","109.21","108.07","4.71M","0.62%"
"Feb 26, 2021","107.74","107.68","108.58","105.36","9.25M","0.38%"
"Feb 25, 2021","107.33","108.48","109.30","107.07","6.24M","-1.25%"
"Feb 24, 2021","108.69","106.00","109.44","105.60","7.63M","2.28%"
"Feb 23, 2021","106.27","106.97","107.60","105.96","7.06M","-0.74%"
"Feb 22, 2021","107.06","104.66","107.68","104.23","10.27M","1.95%"
"Feb 19, 2021","105.01","106.23","106.70","104.91","6.70M","-0.99%"
"Feb 18, 2021","106.06","105.32","106.61","105.21","5.39M","-0.22%"
"Feb 17, 2021","106.29","104.70","106.75","104.15","6.94M","2.01%"
"Feb 16, 2021","104.20","105.33","106.19","104.02","5.64M","-0.23%"
"Feb 12, 2021","104.44","103.76","104.57","103.15","3.74M","0.67%"
"Feb 11, 2021","103.75","104.57","104.68","103.32","5.09M","-0.29%"
"Feb 10, 2021","104.05","105.98","106.13","103.72","7.45M","-1.28%"
"Feb 09, 2021","105.40","106.00","106.50","105.11","5.51M","-1.35%"
"Feb 08, 2021","106.84","108.89","108.98","105.81","9.20M","-1.74%"
"Feb 05, 2021","108.73","109.63","110.27","108.44","7.25M","0.18%"
"Feb 04, 2021","108.53","106.87","108.88","105.25","9.08M","1.48%"
"Feb 03, 2021","106.95","106.20","107.57","104.01","12.10M","3.36%"
"Feb 02, 2021","103.47","102.88","104.31","102.50","10.48M","1.14%"
"Feb 01, 2021","102.30","103.00","103.89","101.86","7.52M","-0.18%"
"Jan 29, 2021","102.48","104.00","104.49","101.81","9.38M","-1.66%"
"Jan 28, 2021","104.21","104.00","105.14","103.11","8.53M","1.38%"
"Jan 27, 2021","102.79","106.28","106.70","102.59","11.89M","-5.52%"
"Jan 26, 2021","108.80","111.30","111.30","108.56","5.55M","-1.54%"
"Jan 25, 2021","110.50","109.73","111.23","109.21","6.93M","-0.32%"
"Jan 22, 2021","110.86","110.65","111.60","109.48","5.19M","-0.36%"
"Jan 21, 2021","111.26","112.63","112.75","110.76","5.42M","-1.21%"
"Jan 20, 2021","112.62","112.91","113.10","111.47","6.55M","0.39%"
"Jan 19, 2021","112.18","111.25","112.31","110.26","7.72M","1.50%"
"Jan 15, 2021","110.52","111.20","111.56","109.48","9.20M","-0.99%"
"Jan 14, 2021","111.63","110.70","112.69","109.50","8.27M","-0.73%"
"Jan 13, 2021","112.45","109.80","113.41","109.70","9.82M","2.43%"
"Jan 12, 2021","109.78","109.22","110.78","109.12","6.11M","0.70%"
"Jan 11, 2021","109.02","107.06","109.56","107.06","6.33M","1.63%"
"Jan 08, 2021","107.27","106.84","107.53","105.76","5.35M","0.52%"
"Jan 07, 2021","106.71","106.11","107.06","105.57","8.20M","1.07%"
"Jan 06, 2021","105.58","104.75","107.19","104.18","11.02M","-0.86%"
"Jan 05, 2021","106.50","105.41","107.02","104.63","6.82M","1.03%"
"Jan 04, 2021","105.41","107.18","107.35","103.86","9.52M","-1.62%"
"Dec 31, 2020","107.15","105.26","107.28","104.85","6.15M","1.79%"
"Dec 30, 2020","105.27","105.11","106.23","105.10","5.33M","0.54%"
"Dec 29, 2020","104.70","103.95","105.37","103.95","5.10M","1.21%"
"Dec 28, 2020","103.45","103.65","103.88","102.72","3.95M","0.18%"
"Dec 24, 2020","103.26","103.11","103.39","102.60","1.38M","-0.02%"
"Dec 23, 2020","103.28","103.06","103.92","102.91","3.66M","0.47%"
"Dec 22, 2020","102.80","103.41","103.50","102.01","4.00M","-0.88%"
"Dec 21, 2020","103.71","102.76","103.92","101.55","6.66M","-0.71%"
"Dec 18, 2020","104.45","105.03","105.06","103.20","13.91M","-0.42%"
"Dec 17, 2020","104.89","104.86","105.50","104.11","6.36M","0.24%"
"Dec 16, 2020","104.64","102.50","105.41","101.90","9.18M","1.77%"
"Dec 15, 2020","102.82","105.44","105.45","102.32","12.10M","-1.32%"
"Dec 14, 2020","104.20","107.43","108.07","104.09","8.27M","-2.01%"
"Dec 11, 2020","106.34","107.01","107.42","105.58","5.21M","-1.07%"
"Dec 10, 2020","107.49","109.06","109.07","106.67","6.29M","-1.09%"
"Dec 09, 2020","108.67","107.90","109.15","107.63","7.35M","0.91%"
"Dec 08, 2020","107.69","105.70","108.35","105.60","6.69M","1.75%"
"Dec 07, 2020","105.84","107.04","107.21","104.96","6.53M","-1.34%"
"Dec 04, 2020","107.28","105.02","107.31","105.02","7.24M","2.43%"
"Dec 03, 2020","104.74","105.00","105.70","104.30","4.69M","-0.24%"
"Dec 02, 2020","104.99","104.00","105.38","103.32","5.49M","0.91%"
"Dec 01, 2020","104.04","105.05","106.38","104.04","7.63M","-0.52%"
"Nov 30, 2020","104.58","105.12","105.42","103.65","20.73M","-0.30%"
"Nov 27, 2020","104.89","104.98","105.80","104.30","4.42M","0.66%"
"Nov 25, 2020","104.20","103.82","104.46","103.39","6.37M","0.23%"
"Nov 24, 2020","103.96","102.88","104.82","102.58","9.33M","1.74%"
"Nov 23, 2020","102.18","101.94","102.76","101.06","7.55M","1.33%"
"Nov 20, 2020","100.84","99.95","101.83","98.62","9.68M","1.17%"
"Nov 19, 2020","99.67","98.76","100.15","98.59","7.55M","0.96%"
"Nov 18, 2020","98.72","100.00","100.29","98.68","8.88M","-0.49%"
"Nov 17, 2020","99.21","99.37","100.26","98.74","11.59M","0.86%"
"Nov 16, 2020","98.36","99.96","100.54","98.33","8.61M","-0.69%"
"Nov 13, 2020","99.04","97.41","99.55","97.40","6.89M","1.48%"
"Nov 12, 2020","97.60","97.50","97.75","96.28","7.65M","-0.56%"
"Nov 11, 2020","98.15","99.15","99.87","97.77","9.48M","-0.73%"
"Nov 10, 2020","98.87","96.01","99.13","95.62","12.27M","3.94%"
"Nov 09, 2020","95.12","95.74","96.95","94.67","11.03M","2.44%"
"Nov 06, 2020","92.85","92.97","93.65","91.71","7.01M","-0.90%"
"Nov 05, 2020","93.69","95.36","95.52","93.00","8.01M","-0.86%"
"Nov 04, 2020","94.50","93.14","97.49","92.67","25.85M","7.44%"
"Nov 03, 2020","87.96","89.14","89.39","87.43","8.52M","-0.33%"
"Nov 02, 2020","88.25","86.03","88.54","86.00","10.78M","3.70%"
"Oct 30, 2020","85.10","83.19","86.14","83.00","18.10M","5.49%"
"Oct 29, 2020","80.67","80.50","81.37","79.11","8.88M","0.22%"
"Oct 28, 2020","80.49","81.35","82.21","80.23","11.48M","-2.68%"
"Oct 27, 2020","82.71","84.00","84.26","82.68","6.71M","-1.44%"
"Oct 26, 2020","83.92","84.09","84.32","82.81","7.99M","-0.50%"
"Oct 23, 2020","84.34","84.64","85.15","83.94","4.24M","0.04%"
"Oct 22, 2020","84.31","83.02","84.89","82.92","8.08M","1.71%"
"Oct 21, 2020","82.89","83.58","84.14","82.56","9.78M","-1.61%"
"Oct 20, 2020","84.25","84.19","84.83","83.42","6.93M","-0.07%"
"Oct 19, 2020","84.31","86.59","86.79","84.13","10.29M","-2.27%"
"Oct 16, 2020","86.27","85.89","87.15","85.76","5.36M","1.22%"
"Oct 15, 2020","85.23","85.41","85.74","84.96","6.19M","-0.98%"
"Oct 14, 2020","86.07","86.83","87.11","85.90","5.86M","-2.00%"
"Oct 13, 2020","87.83","88.01","88.80","87.47","7.85M","-0.55%"
"Oct 12, 2020","88.32","88.17","88.60","87.32","7.31M","0.71%"
"Oct 09, 2020","87.70","87.41","88.70","87.35","6.01M","0.41%"
"Oct 08, 2020","87.34","87.27","88.58","86.92","5.54M","0.31%"
"Oct 07, 2020","87.07","86.16","87.30","86.03","5.90M","1.37%"
"Oct 06, 2020","85.89","87.97","88.06","85.71","8.74M","-2.32%"
"Oct 05, 2020","87.93","86.49","88.18","86.21","5.98M","2.10%"
"Oct 02, 2020","86.12","86.50","87.35","86.05","5.55M","-1.17%"
"Oct 01, 2020","87.14","88.17","88.17","86.73","8.78M","-0.51%"
"Sep 30, 2020","87.59","87.00","88.44","86.81","8.21M","0.81%"
"Sep 29, 2020","86.89","87.11","87.28","86.31","5.51M","-0.45%"
"Sep 28, 2020","87.28","87.29","88.20","86.87","6.31M","1.22%"
"Sep 25, 2020","86.23","86.00","86.86","85.46","9.94M","0.37%"
"Sep 24, 2020","85.91","87.00","87.00","85.32","9.98M","-1.41%"
"Sep 23, 2020","87.14","89.00","89.27","87.12","6.25M","-1.65%"
"Sep 22, 2020","88.60","88.90","88.95","87.93","5.31M","-0.55%"
"Sep 21, 2020","89.09","89.14","89.43","87.17","7.33M","-1.13%"
"Sep 18, 2020","90.11","89.49","90.50","88.86","10.08M","0.54%"
"Sep 17, 2020","89.63","89.30","90.81","89.17","5.60M","-0.17%"
"Sep 16, 2020","89.78","91.02","91.27","89.69","6.31M","-1.24%"
"Sep 15, 2020","90.91","91.40","91.98","90.64","3.85M","0.46%"
"Sep 14, 2020","90.49","90.05","91.26","89.46","5.21M","0.88%"
"Sep 11, 2020","89.70","89.81","90.34","89.04","8.39M","0.06%"
"Sep 10, 2020","89.65","91.07","91.41","89.48","10.40M","-2.16%"
"Sep 09, 2020","91.63","90.86","92.43","90.51","5.37M","1.56%"
"Sep 08, 2020","90.22","91.52","91.86","89.45","8.56M","-1.80%"
"Sep 04, 2020","91.87","92.08","93.13","90.58","9.44M","0.00%"
"Sep 03, 2020","91.87","93.88","94.31","91.09","8.92M","-2.21%"
"Sep 02, 2020","93.95","92.07","94.24","91.90","9.14M","1.85%"
"Sep 01, 2020","92.24","95.52","95.92","91.29","15.82M","-3.69%"
"Aug 31, 2020","95.77","94.12","96.01","94.01","9.93M","1.70%"
"Aug 28, 2020","94.17","94.52","94.65","93.53","4.94M","-0.14%"
"Aug 27, 2020","94.30","94.33","95.06","93.67","5.27M","-0.05%"
"Aug 26, 2020","94.35","93.50","94.41","92.94","5.68M","0.31%"
"Aug 25, 2020","94.06","94.21","94.79","93.91","6.71M","-0.48%"
"Aug 24, 2020","94.51","94.90","95.23","94.18","4.10M","-0.37%"
"Aug 21, 2020","94.86","95.20","95.32","94.32","5.27M","-0.36%"
"Aug 20, 2020","95.20","95.49","96.03","94.68","6.80M","-0.94%"
"Aug 19, 2020","96.10","97.11","97.42","95.85","7.67M","0.47%"
"Aug 18, 2020","95.65","96.62","96.70","95.15","4.56M","-0.73%"
"Aug 17, 2020","96.35","95.29","97.26","95.26","7.25M","1.35%"
"Aug 14, 2020","95.07","95.38","95.67","94.54","5.49M","0.41%"
"Aug 13, 2020","94.68","95.14","95.50","94.00","6.00M","-0.87%"
"Aug 12, 2020","95.51","93.45","95.58","93.33","7.71M","3.06%"
"Aug 11, 2020","92.67","92.31","93.29","92.13","7.21M","0.31%"
"Aug 10, 2020","92.38","92.63","93.67","92.15","7.62M","-0.58%"
"Aug 07, 2020","92.92","92.69","93.00","92.20","5.23M","0.38%"
"Aug 06, 2020","92.57","93.32","93.65","91.78","7.27M","-0.73%"
"Aug 05, 2020","93.25","94.47","94.80","93.13","6.93M","-1.10%"
"Aug 04, 2020","94.29","95.92","96.03","94.06","7.87M","-1.72%"
"Aug 03, 2020","95.94","95.19","97.17","95.06","6.92M","1.09%"
"Jul 31, 2020","94.91","95.54","97.25","93.55","14.61M","-1.18%"
"Jul 30, 2020","96.04","96.31","96.74","95.41","6.41M","-1.00%"
"Jul 29, 2020","97.01","96.87","97.40","96.64","5.51M","0.31%"
"Jul 28, 2020","96.71","97.00","97.62","96.45","5.94M","-0.46%"
"Jul 27, 2020","97.16","96.35","97.89","96.26","5.03M","0.05%"
"Jul 24, 2020","97.11","98.05","98.19","96.46","5.17M","-0.94%"
"Jul 23, 2020","98.03","98.24","98.92","97.45","5.13M","0.34%"
"Jul 22, 2020","97.70","97.80","98.28","96.93","4.44M","0.31%"
"Jul 21, 2020","97.40","99.81","99.81","97.17","8.24M","-2.15%"
"Jul 20, 2020","99.54","100.76","101.25","99.25","4.82M","-1.28%"
"Jul 17, 2020","100.83","100.29","101.28","99.92","6.90M","0.91%"
"Jul 16, 2020","99.92","99.69","100.23","98.81","4.27M","-0.56%"
"Jul 15, 2020","100.48","100.00","100.48","98.82","5.66M","1.63%"
"Jul 14, 2020","98.87","96.97","99.10","95.94","6.77M","1.03%"
"Jul 13, 2020","97.86","97.36","99.56","96.92","8.51M","1.06%"
"Jul 10, 2020","96.83","98.06","98.33","96.36","6.20M","-1.13%"
"Jul 09, 2020","97.94","99.08","99.78","96.81","5.82M","-1.35%"
"Jul 08, 2020","99.28","99.75","100.57","98.55","6.15M","-0.07%"
"Jul 07, 2020","99.35","98.68","100.69","98.56","6.35M","0.34%"
"Jul 06, 2020","99.01","99.64","99.80","97.95","7.04M","0.13%"
"Jul 02, 2020","98.88","99.45","99.99","97.86","6.16M","-0.26%"
"Jul 01, 2020","99.14","98.50","99.66","97.50","6.52M","0.98%"
"Jun 30, 2020","98.18","95.97","98.88","95.83","8.11M","1.80%"
"Jun 29, 2020","96.44","96.50","97.33","95.68","6.68M","0.32%"
"Jun 26, 2020","96.13","96.89","97.03","95.04","14.57M","-0.89%"
"Jun 25, 2020","96.99","95.18","97.07","94.32","6.41M","1.94%"
"Jun 24, 2020","95.14","96.46","97.16","94.35","9.03M","-2.23%"
"Jun 23, 2020","97.31","98.42","99.10","97.05","6.72M","0.04%"
"Jun 22, 2020","97.27","96.64","97.30","95.81","6.00M","0.58%"
"Jun 19, 2020","96.71","97.72","98.20","95.75","9.21M","0.50%"
"Jun 18, 2020","96.23","95.56","96.45","95.26","4.57M","0.51%"
"Jun 17, 2020","95.74","96.85","97.10","95.27","6.21M","-0.33%"
"Jun 16, 2020","96.06","94.86","96.20","93.48","9.37M","3.20%"
"Jun 15, 2020","93.08","91.27","94.03","90.78","7.12M","0.67%"
"Jun 12, 2020","92.46","93.74","94.74","91.03","8.01M","0.22%"
"Jun 11, 2020","92.26","95.69","96.89","92.03","12.58M","-4.79%"
"Jun 10, 2020","96.90","96.99","99.35","96.80","11.14M","0.76%"
"Jun 09, 2020","96.17","94.95","96.66","94.76","9.56M","1.67%"
"Jun 08, 2020","94.59","92.91","95.01","92.81","6.62M","0.79%"
"Jun 05, 2020","93.85","93.50","95.54","92.81","9.63M","0.87%"
"Jun 04, 2020","93.04","90.28","93.48","90.25","9.53M","2.37%"
"Jun 03, 2020","90.89","91.47","91.50","89.60","8.59M","-0.16%"
"Jun 02, 2020","91.04","90.97","91.70","90.05","9.41M","0.37%"
"Jun 01, 2020","90.70","92.05","93.06","90.69","8.49M","-2.13%"
"May 29, 2020","92.67","91.00","92.89","89.60","13.78M","2.93%"
"May 28, 2020","90.03","90.87","91.19","90.00","8.77M","0.06%"
"May 27, 2020","89.98","90.54","91.00","88.56","12.53M","-0.80%"
"May 26, 2020","90.71","93.45","93.57","90.31","11.87M","-1.51%"
"May 22, 2020","92.10","92.87","93.01","91.73","5.51M","-0.99%"
"May 21, 2020","93.02","91.28","93.13","90.35","10.39M","2.01%"
"May 20, 2020","91.19","92.13","92.54","89.90","10.66M","-0.01%"
"May 19, 2020","91.20","91.26","91.65","89.56","9.89M","-0.30%"
"May 18, 2020","91.47","92.00","93.66","91.31","16.30M","0.84%"
"May 15, 2020","90.71","90.01","91.15","89.42","14.07M","0.86%"
"May 14, 2020","89.94","87.62","90.48","87.43","13.38M","1.20%"
"May 13, 2020","88.87","90.74","92.24","87.73","23.56M","-1.76%"
"May 12, 2020","90.46","90.00","92.23","88.47","23.49M","2.91%"
"May 11, 2020","87.90","85.08","88.46","83.98","19.22M","4.69%"
"May 08, 2020","83.96","84.42","84.66","82.45","20.19M","-0.31%"
"May 07, 2020","84.22","86.52","86.84","83.56","11.94M","-1.40%"
"May 06, 2020","85.42","86.28","88.14","85.25","17.04M","0.06%"
"May 05, 2020","85.37","82.95","86.48","82.59","10.93M","4.29%"
"May 04, 2020","81.86","82.22","82.84","81.12","6.83M","-1.18%"
"May 01, 2020","82.84","81.95","84.23","80.50","12.71M","0.78%"
"Apr 30, 2020","82.20","82.97","83.26","81.23","15.54M","-1.86%"
"Apr 29, 2020","83.76","83.72","84.75","82.14","8.23M","1.21%"
"Apr 28, 2020","82.76","85.70","85.97","82.37","8.34M","-2.28%"
"Apr 27, 2020","84.69","84.03","84.92","83.78","9.21M","1.32%"
"Apr 24, 2020","83.59","82.87","83.67","82.35","6.77M","1.89%"
"Apr 23, 2020","82.04","82.18","83.83","81.96","7.87M","0.70%"
"Apr 22, 2020","81.47","81.23","82.45","80.73","7.03M","1.38%"
"Apr 21, 2020","80.36","82.51","82.97","80.02","9.63M","-4.32%"
"Apr 20, 2020","83.99","83.54","85.33","82.63","9.13M","0.65%"
"Apr 17, 2020","83.45","84.00","84.79","82.50","10.73M","1.94%"
"Apr 16, 2020","81.86","82.73","83.72","81.58","10.33M","0.05%"
"Apr 15, 2020","81.82","80.51","83.04","79.62","8.98M","-0.38%"
"Apr 14, 2020","82.13","80.62","82.85","80.29","11.07M","2.28%"
"Apr 13, 2020","80.30","80.66","81.33","78.66","9.29M","0.69%"
"Apr 09, 2020","79.75","78.56","80.08","78.56","9.43M","1.51%"
"Apr 08, 2020","78.56","76.44","78.98","74.78","12.22M","4.20%"
"Apr 07, 2020","75.39","78.38","78.58","75.25","11.59M","-0.45%"
"Apr 06, 2020","75.73","75.74","77.26","74.03","10.27M","3.22%"
"Apr 03, 2020","73.37","74.65","75.44","72.55","8.06M","-2.34%"
"Apr 02, 2020","75.13","72.78","75.50","71.46","8.08M","2.33%"
"Apr 01, 2020","73.42","72.12","73.99","71.43","12.95M","-3.64%"
"Mar 31, 2020","76.19","75.40","77.92","74.44","20.48M","1.26%"
"Mar 30, 2020","75.24","73.52","76.24","73.47","10.67M","3.54%"
"Mar 27, 2020","72.67","71.63","75.06","70.71","12.29M","-1.57%"
"Mar 26, 2020","73.83","68.82","74.31","68.76","15.99M","8.72%"
"Mar 25, 2020","67.91","67.92","70.67","65.55","20.02M","0.62%"
"Mar 24, 2020","67.49","68.16","71.82","67.09","18.38M","4.64%"
"Mar 23, 2020","64.50","67.38","67.75","62.55","19.22M","-6.28%"
"Mar 20, 2020","68.82","73.00","73.00","66.81","18.84M","-3.15%"
"Mar 19, 2020","71.06","69.10","74.85","65.33","19.74M","0.04%"
"Mar 18, 2020","71.03","70.00","71.39","64.69","23.71M","-2.73%"
"Mar 17, 2020","73.02","75.71","77.71","69.99","23.20M","-1.68%"
"Mar 16, 2020","74.27","79.00","82.18","73.58","20.92M","-13.00%"
"Mar 13, 2020","85.37","83.36","86.32","80.69","21.87M","8.60%"
"Mar 12, 2020","78.61","78.85","81.29","77.06","19.94M","-7.35%"
"Mar 11, 2020","84.85","85.80","86.64","83.57","10.39M","-3.06%"
"Mar 10, 2020","87.53","88.19","88.22","83.76","12.97M","2.65%"
"Mar 09, 2020","85.27","84.00","87.34","82.43","15.81M","-4.00%"
"Mar 06, 2020","88.82","88.73","89.76","87.26","12.66M","-1.98%"
"Mar 05, 2020","90.61","90.06","91.71","89.43","9.69M","-1.24%"
"Mar 04, 2020","91.75","89.27","91.86","88.95","16.59M","4.77%"
"Mar 03, 2020","87.57","89.44","90.90","85.66","12.66M","-1.26%"
"Mar 02, 2020","88.69","86.00","88.78","83.55","12.17M","3.48%"
"Feb 28, 2020","85.71","82.79","85.71","81.58","18.46M","0.34%"
"Feb 27, 2020","85.42","86.19","89.45","84.20","14.18M","-3.38%"
"Feb 26, 2020","88.41","88.62","91.17","88.19","9.79M","-0.86%"
"Feb 25, 2020","89.18","93.32","93.46","88.11","11.37M","-4.25%"
"Feb 24, 2020","93.14","92.17","93.87","92.14","10.71M","-1.92%"
"Feb 21, 2020","94.96","93.96","95.52","93.38","6.68M","0.77%"
"Feb 20, 2020","94.23","93.93","94.39","92.59","5.45M","0.10%"
"Feb 19, 2020","94.14","93.77","94.79","93.02","6.35M","0.57%"
"Feb 18, 2020","93.61","93.67","94.50","93.26","9.41M","-0.47%"
"Feb 14, 2020","94.05","95.23","95.30","93.77","11.18M","-1.36%"
"Feb 13, 2020","95.35","96.85","97.36","95.23","10.61M","-2.50%"
"Feb 12, 2020","97.79","95.98","97.86","95.71","10.59M","1.86%"
"Feb 11, 2020","96.00","95.26","97.08","95.01","10.68M","1.32%"
"Feb 10, 2020","94.75","92.36","95.50","92.11","14.00M","2.67%"
"Feb 07, 2020","92.29","89.74","92.98","88.88","19.09M","5.86%"
"Feb 06, 2020","87.18","87.89","87.96","86.22","7.77M","0.63%"
"Feb 05, 2020","86.63","85.06","87.14","84.88","10.02M","2.69%"
"Feb 04, 2020","84.36","83.59","84.71","83.59","8.25M","2.50%"
"Feb 03, 2020","82.30","81.31","82.60","80.92","10.15M","1.58%"
"Jan 31, 2020","81.02","81.54","81.72","80.41","13.87M","-0.93%"
"Jan 30, 2020","81.78","82.58","82.79","81.18","10.87M","-1.71%"
"Jan 29, 2020","83.20","83.80","84.00","83.13","5.70M","-0.68%"
"Jan 28, 2020","83.77","84.99","84.99","83.64","8.61M","-0.30%"
"Jan 27, 2020","84.02","85.05","85.93","84.00","13.83M","0.57%"
"Jan 24, 2020","83.54","85.43","85.48","82.76","13.22M","-2.03%"
"Jan 23, 2020","85.27","87.05","87.07","84.99","12.27M","-2.22%"
"Jan 22, 2020","87.21","88.03","88.17","87.15","6.44M","-0.89%"
"Jan 21, 2020","87.99","87.68","88.53","87.56","13.55M","-0.01%"
"Jan 17, 2020","88.00","89.13","89.27","87.79","10.12M","-1.41%"
"Jan 16, 2020","89.26","89.31","89.80","88.92","7.07M","0.00%"
"Jan 15, 2020","89.26","88.18","89.88","88.18","8.49M","1.20%"
"Jan 14, 2020","88.20","87.10","88.44","86.77","8.88M","-0.36%"
"Jan 13, 2020","88.52","89.50","89.50","87.92","9.30M","-0.61%"
"Jan 10, 2020","89.06","90.23","90.29","88.83","8.58M","-1.27%"
"Jan 09, 2020","90.21","90.01","90.23","89.05","7.52M","0.77%"
"Jan 08, 2020","89.52","89.15","90.06","88.87","7.70M","0.71%"
"Jan 07, 2020","88.89","88.93","89.54","88.26","7.26M","-0.57%"
"Jan 06, 2020","89.40","88.22","89.62","87.98","6.79M","0.79%"
"Jan 03, 2020","88.70","88.17","89.39","87.90","5.99M","-0.95%"
"Jan 02, 2020","89.55","89.08","89.57","88.51","5.16M","1.14%"
"Dec 31, 2019","88.54","88.21","88.60","87.88","4.70M","0.02%"
"Dec 30, 2019","88.52","89.22","89.73","88.16","7.02M","-0.76%"
"Dec 27, 2019","89.20","89.98","90.28","88.83","4.09M","-0.70%"
"Dec 26, 2019","89.83","90.20","90.72","89.45","4.07M","-0.02%"
"Dec 24, 2019","89.85","90.40","90.40","89.43","1.80M","-0.44%"
"Dec 23, 2019","90.25","89.53","90.47","89.33","5.91M","1.08%"
"Dec 20, 2019","89.29","90.40","91.99","89.15","19.14M","0.59%"
"Dec 19, 2019","88.77","89.68","89.68","88.56","5.45M","-0.63%"
"Dec 18, 2019","89.33","90.05","90.18","89.02","6.49M","-0.83%"
"Dec 17, 2019","90.08","90.00","90.17","89.07","8.75M","0.73%"
"Dec 16, 2019","89.43","88.38","90.12","88.26","6.72M","1.81%"
"Dec 13, 2019","87.84","88.78","89.09","87.33","5.98M","-1.00%"
"Dec 12, 2019","88.73","86.76","88.94","86.75","6.26M","2.34%"
"Dec 11, 2019","86.70","86.70","87.26","86.23","7.33M","0.16%"
"Dec 10, 2019","86.56","86.92","86.95","86.21","7.82M","0.14%"
"Dec 09, 2019","86.44","87.22","87.72","86.38","5.67M","-0.62%"
"Dec 06, 2019","86.98","87.21","87.71","86.78","6.05M","0.30%"
"Dec 05, 2019","86.72","87.25","87.25","86.26","6.07M","-0.55%"
"Dec 04, 2019","87.20","86.18","87.55","86.12","6.17M","1.45%"
"Dec 03, 2019","85.95","85.96","86.48","85.59","10.07M","-1.24%"
"Dec 02, 2019","87.03","87.84","88.03","87.00","6.53M","-0.80%"
"Nov 29, 2019","87.73","88.00","88.09","87.22","3.04M","-0.68%"
"Nov 27, 2019","88.33","87.86","88.81","87.61","4.71M","0.70%"
"Nov 26, 2019","87.72","88.15","88.19","86.93","6.43M","-0.05%"
"Nov 25, 2019","87.76","86.85","87.88","86.06","9.52M","1.99%"
"Nov 22, 2019","86.05","86.64","86.79","85.31","7.78M","-0.54%"
"Nov 21, 2019","86.52","86.79","86.87","85.55","9.61M","-0.78%"
"Nov 20, 2019","87.20","88.72","88.72","86.54","10.96M","-2.04%"
"Nov 19, 2019","89.02","89.26","90.41","88.91","7.51M","0.33%"
"Nov 18, 2019","88.73","88.34","89.41","88.32","5.77M","0.11%"
"Nov 15, 2019","88.63","88.10","89.19","87.26","8.04M","1.14%"
"Nov 14, 2019","87.63","86.48","87.75","85.93","5.43M","1.12%"
"Nov 13, 2019","86.66","85.74","87.27","85.33","6.01M","0.25%"
"Nov 12, 2019","86.44","85.60","88.28","85.55","12.17M","0.91%"
"Nov 11, 2019","85.66","84.95","85.68","83.90","8.73M","0.53%"
"Nov 08, 2019","85.21","82.10","85.46","82.09","11.36M","3.90%"
"Nov 07, 2019","82.01","82.21","82.59","81.08","6.56M","-0.09%"
"Nov 06, 2019","82.08","81.77","82.25","80.35","9.30M","0.29%"
"Nov 05, 2019","81.84","83.17","83.40","81.47","7.48M","-1.39%"
"Nov 04, 2019","82.99","82.95","83.32","82.14","9.13M","1.52%"
"Nov 01, 2019","81.75","80.03","82.18","79.13","13.36M","2.77%"
"Oct 31, 2019","79.55","79.71","79.74","78.74","10.01M","-0.14%"
"Oct 30, 2019","79.66","78.51","79.79","78.01","7.22M","1.52%"
"Oct 29, 2019","78.47","78.11","78.74","77.59","6.39M","0.18%"
"Oct 28, 2019","78.33","76.67","78.38","76.49","7.15M","2.35%"
"Oct 25, 2019","76.53","76.39","76.79","76.22","5.50M","-0.35%"
"Oct 24, 2019","76.80","77.84","77.89","76.25","6.33M","-1.22%"
"Oct 23, 2019","77.75","77.79","78.02","77.19","6.20M","-0.15%"
"Oct 22, 2019","77.87","78.05","78.66","77.75","6.86M","0.74%"
"Oct 21, 2019","77.30","76.88","77.85","75.85","7.88M","1.10%"
"Oct 18, 2019","76.46","75.24","77.17","75.21","9.48M","1.76%"
"Oct 17, 2019","75.14","74.99","76.18","74.65","7.36M","0.52%"
"Oct 16, 2019","74.75","74.38","74.98","74.34","8.41M","0.34%"
"Oct 15, 2019","74.50","74.20","74.98","73.80","6.17M","1.00%"
"Oct 14, 2019","73.76","73.65","74.17","73.39","5.12M","0.18%"
"Oct 11, 2019","73.63","73.97","74.34","73.57","7.18M","-1.10%"
"Oct 10, 2019","74.45","73.22","74.63","73.20","7.45M","1.57%"
"Oct 09, 2019","73.30","74.07","74.62","73.25","5.86M","-0.31%"
"Oct 08, 2019","73.53","73.88","74.75","73.42","6.24M","-1.08%"
"Oct 07, 2019","74.33","74.72","75.27","74.08","5.80M","-0.44%"
"Oct 04, 2019","74.66","74.22","75.06","73.95","7.01M","1.10%"
"Oct 03, 2019","73.85","72.06","73.94","72.04","6.28M","2.38%"
"Oct 02, 2019","72.13","72.89","73.00","71.57","8.39M","-1.50%"
"Oct 01, 2019","73.23","75.89","76.03","72.94","10.93M","-3.29%"
"Sep 30, 2019","75.72","74.95","76.44","74.95","8.34M","1.16%"
"Sep 27, 2019","74.85","74.21","75.14","73.92","7.68M","1.11%"
"Sep 26, 2019","74.03","72.95","74.45","72.62","10.35M","2.69%"
"Sep 25, 2019","72.09","72.88","73.24","72.02","5.94M","-1.18%"
"Sep 24, 2019","72.95","73.83","73.83","72.17","8.23M","0.03%"
"Sep 23, 2019","72.93","72.33","73.78","72.05","8.26M","0.75%"
"Sep 20, 2019","72.39","72.00","73.00","72.00","13.10M","1.00%"
"Sep 19, 2019","71.67","71.40","71.91","71.21","5.55M","0.56%"
"Sep 18, 2019","71.27","71.68","71.82","70.81","6.26M","-0.46%"
"Sep 17, 2019","71.60","70.51","72.09","70.36","9.03M","1.45%"
"Sep 16, 2019","70.58","70.37","70.96","69.72","5.99M","0.10%"
"Sep 13, 2019","70.51","71.15","71.51","70.48","8.14M","-0.45%"
"Sep 12, 2019","70.83","70.76","71.17","70.19","9.56M","1.93%"
"Sep 11, 2019","69.49","68.38","69.74","68.06","8.37M","1.92%"
"Sep 10, 2019","68.18","66.07","68.18","65.65","12.16M","2.22%"
"Sep 09, 2019","66.70","67.96","68.00","66.31","10.31M","-1.36%"
"Sep 06, 2019","67.62","67.26","68.12","67.00","7.50M","0.88%"
"Sep 05, 2019","67.03","66.64","67.30","66.43","5.60M","0.98%"
"Sep 04, 2019","66.38","65.67","66.42","64.44","9.62M","1.50%"
"Sep 03, 2019","65.40","65.78","65.80","64.93","7.92M","-0.52%"
"Aug 30, 2019","65.74","66.40","66.43","65.49","6.42M","-0.72%"
"Aug 29, 2019","66.22","66.73","67.03","65.95","6.01M","0.23%"
"Aug 28, 2019","66.07","65.57","66.38","65.40","6.87M","0.61%"
"Aug 27, 2019","65.67","66.67","66.98","65.49","7.59M","-1.19%"
"Aug 26, 2019","66.46","66.43","66.93","66.08","4.84M","0.74%"
"Aug 23, 2019","65.97","67.28","67.79","65.48","8.91M","-2.30%"
"Aug 22, 2019","67.52","67.87","68.03","66.81","6.50M","-0.03%"
"Aug 21, 2019","67.54","67.34","67.92","66.60","7.62M","1.70%"
"Aug 20, 2019","66.41","67.38","68.46","66.33","12.04M","-0.23%"
"Aug 19, 2019","66.56","65.04","66.88","64.97","9.83M","3.31%"
"Aug 16, 2019","64.43","63.51","64.81","63.07","8.35M","2.30%"
"Aug 15, 2019","62.98","64.12","64.24","62.66","9.20M","-0.82%"
"Aug 14, 2019","63.50","64.50","64.99","63.50","9.37M","-2.32%"
"Aug 13, 2019","65.01","64.86","65.92","64.64","7.22M","0.74%"
"Aug 12, 2019","64.53","65.24","65.48","64.08","5.72M","-1.60%"
"Aug 09, 2019","65.58","65.37","66.87","64.29","10.89M","0.20%"
"Aug 08, 2019","65.45","64.79","65.45","64.33","7.43M","1.54%"
"Aug 07, 2019","64.46","64.38","64.90","63.31","10.53M","-0.48%"
"Aug 06, 2019","64.77","65.27","65.84","64.29","10.25M","-0.71%"
"Aug 05, 2019","65.23","64.98","66.12","64.54","11.62M","-0.18%"
"Aug 02, 2019","65.35","65.50","65.78","65.03","9.65M","-0.68%"
"Aug 01, 2019","65.80","66.93","67.20","65.11","13.11M","-1.23%"
"Jul 31, 2019","66.62","66.91","67.38","65.63","11.30M","-0.83%"
"Jul 30, 2019","67.18","66.92","67.53","66.26","8.14M","0.00%"
"Jul 29, 2019","67.18","67.87","68.41","66.88","10.12M","-0.86%"
"Jul 26, 2019","67.76","67.64","69.14","67.37","12.26M","1.65%"
"Jul 25, 2019","66.66","67.46","67.87","66.50","12.40M","-1.19%"
"Jul 24, 2019","67.46","67.77","67.89","66.76","12.60M","-0.40%"
"Jul 23, 2019","67.73","68.00","68.44","67.60","8.03M","-0.40%"
"Jul 22, 2019","68.00","68.50","68.75","67.84","9.96M","-0.79%"
"Jul 19, 2019","68.54","68.14","68.82","68.10","9.81M","0.42%"
"Jul 18, 2019","68.25","68.57","68.95","68.00","8.57M","-0.10%"
"Jul 17, 2019","68.32","69.33","69.86","68.31","12.21M","-1.21%"
"Jul 16, 2019","69.16","70.15","70.30","69.13","10.14M","-1.58%"
"Jul 15, 2019","70.27","70.31","71.02","69.70","10.25M","-0.01%"
"Jul 12, 2019","70.28","70.30","70.30","68.54","12.90M","-1.35%"
"Jul 11, 2019","71.24","72.30","72.40","69.85","13.00M","-0.57%"
"Jul 10, 2019","71.65","71.58","71.74","70.96","9.17M","0.58%"
"Jul 09, 2019","71.24","71.18","72.45","70.89","11.83M","0.03%"
"Jul 08, 2019","71.22","72.52","73.00","70.88","13.49M","-2.42%"
"Jul 05, 2019","72.99","74.65","74.79","72.61","10.85M","-2.63%"
"Jul 03, 2019","74.96","74.35","74.97","73.78","7.43M","0.98%"
"Jul 02, 2019","74.23","73.20","74.25","72.32","12.86M","1.13%"
"Jul 01, 2019","73.40","73.50","73.85","72.28","18.11M","0.94%"
"Jun 28, 2019","72.72","70.58","72.74","70.33","21.38M","3.89%"
"Jun 27, 2019","70.00","68.16","70.60","68.10","22.13M","2.94%"
"Jun 26, 2019","68.00","67.24","68.41","66.80","42.09M","3.50%"
"Jun 25, 2019","65.70","70.47","70.67","65.06","90.13M","-16.25%"
"Jun 24, 2019","78.45","78.41","79.31","77.85","5.18M","-0.42%"
"Jun 21, 2019","78.78","78.15","79.08","76.43","10.52M","0.56%"
"Jun 20, 2019","78.34","78.24","79.17","78.08","5.35M","0.94%"
"Jun 19, 2019","77.61","78.40","78.48","77.29","6.15M","-0.82%"
"Jun 18, 2019","78.25","78.88","79.20","77.01","5.43M","-0.51%"
"Jun 17, 2019","78.65","78.40","79.05","78.40","3.08M","-0.05%"
"Jun 14, 2019","78.69","78.95","79.34","78.21","4.08M","-0.33%"
"Jun 13, 2019","78.95","78.93","79.20","78.30","2.93M","0.48%"
"Jun 12, 2019","78.57","78.25","79.25","78.18","4.17M","0.51%"
"Jun 11, 2019","78.17","77.49","78.90","77.49","4.21M","1.59%"
"Jun 10, 2019","76.95","77.46","77.75","76.60","3.97M","-0.62%"
"Jun 07, 2019","77.43","77.49","78.38","77.08","4.83M","0.47%"
"Jun 06, 2019","77.07","77.16","77.72","76.86","4.03M","0.01%"
"Jun 05, 2019","77.06","77.41","78.17","76.66","3.80M","0.40%"
"Jun 04, 2019","76.75","76.14","77.44","75.90","6.45M","1.39%"
"Jun 03, 2019","75.70","76.63","76.84","73.81","8.43M","-1.32%"
"May 31, 2019","76.71","77.31","77.57","76.40","4.00M","-1.16%"
"May 30, 2019","77.61","78.52","78.59","77.13","3.53M","-0.58%"
"May 29, 2019","78.06","77.57","78.28","77.10","4.18M","0.04%"
"May 28, 2019","78.03","80.00","80.10","77.92","6.56M","-2.54%"
"May 24, 2019","80.06","81.09","81.10","79.87","3.87M","-1.34%"
"May 23, 2019","81.15","80.39","81.63","80.32","3.30M","-0.54%"
"May 22, 2019","81.59","80.51","81.75","79.88","4.22M","0.88%"
"May 21, 2019","80.88","80.33","81.50","80.32","4.84M","1.33%"
"May 20, 2019","79.82","79.02","80.39","78.91","4.40M","0.45%"
"May 17, 2019","79.46","78.53","80.08","78.02","4.76M","-0.05%"
"May 16, 2019","79.50","78.98","80.75","78.71","5.40M","0.91%"
"May 15, 2019","78.78","78.51","79.15","77.48","4.80M","0.43%"
"May 14, 2019","78.44","77.16","79.36","77.00","6.37M","2.04%"
"May 13, 2019","76.87","76.30","77.30","76.17","3.86M","-0.75%"
"May 10, 2019","77.45","77.45","77.73","75.62","4.73M","-0.59%"
"May 09, 2019","77.91","77.51","78.13","76.73","3.79M","-0.10%"
"May 08, 2019","77.99","77.95","78.89","77.32","3.82M","0.05%"
"May 07, 2019","77.95","78.60","78.99","77.17","4.28M","-1.65%"
"May 06, 2019","79.26","77.75","79.52","77.34","5.41M","0.70%"
"May 03, 2019","78.71","78.72","78.80","78.25","4.53M","0.31%"
"May 02, 2019","78.47","78.73","78.78","77.60","5.21M","-0.53%"
"May 01, 2019","78.89","79.60","79.68","78.61","5.23M","-0.63%"
"Apr 30, 2019","79.39","80.68","80.69","78.68","9.37M","-1.13%"
"Apr 29, 2019","80.30","80.46","80.98","79.91","6.44M","0.75%"
"Apr 26, 2019","79.70","79.67","80.65","79.40","5.79M","0.45%"
"Apr 25, 2019","79.34","80.05","80.47","76.91","10.44M","0.85%"
"Apr 24, 2019","78.67","79.23","79.59","78.44","7.06M","0.01%"
"Apr 23, 2019","78.66","78.15","79.66","77.75","9.92M","0.65%"
"Apr 22, 2019","78.15","77.60","79.10","77.50","5.36M","0.75%"
"Apr 18, 2019","77.57","78.06","78.21","76.81","7.79M","-0.53%"
"Apr 17, 2019","77.98","80.10","80.20","77.55","6.82M","-2.78%"
"Apr 16, 2019","80.21","81.11","81.30","80.02","3.62M","-1.01%"
"Apr 15, 2019","81.03","80.96","81.50","80.37","3.50M","0.31%"
"Apr 12, 2019","80.78","80.67","81.81","79.84","5.01M","-1.21%"
"Apr 11, 2019","81.77","83.20","83.25","81.23","9.09M","-1.42%"
"Apr 10, 2019","82.95","83.20","83.38","82.60","3.64M","0.31%"
"Apr 09, 2019","82.69","83.77","83.78","82.50","3.71M","-1.54%"
"Apr 08, 2019","83.98","83.70","84.00","82.78","3.50M","0.64%"
"Apr 05, 2019","83.45","82.82","84.18","82.67","4.00M","0.77%"
"Apr 04, 2019","82.81","83.04","83.38","82.06","4.83M","-0.32%"
"Apr 03, 2019","83.08","83.62","84.73","82.79","6.08M","0.01%"
"Apr 02, 2019","83.07","80.89","83.49","80.80","6.36M","2.83%"
"Apr 01, 2019","80.78","80.98","81.11","79.97","4.76M","0.24%"
"Mar 29, 2019","80.59","80.08","80.90","79.96","7.11M","0.79%"
"Mar 28, 2019","79.96","80.33","80.49","79.50","3.08M","0.09%"
"Mar 27, 2019","79.89","81.00","81.00","79.80","4.01M","-1.08%"
"Mar 26, 2019","80.76","79.85","81.19","79.80","4.92M","1.57%"
"Mar 25, 2019","79.51","79.50","80.04","78.41","4.01M","-0.31%"
"Mar 22, 2019","79.76","80.78","81.99","79.69","4.99M","-1.82%"
"Mar 21, 2019","81.24","79.88","81.31","79.26","5.16M","1.01%"
"Mar 20, 2019","80.43","80.72","80.91","80.06","5.36M","-0.48%"
"Mar 19, 2019","80.82","80.33","81.29","79.51","6.34M","0.21%"
"Mar 18, 2019","80.65","81.34","81.75","80.28","5.55M","-0.85%"
"Mar 15, 2019","81.34","80.06","81.46","79.11","12.75M","1.74%"
"Mar 14, 2019","79.95","79.00","80.40","78.41","6.16M","1.29%"
"Mar 13, 2019","78.93","78.92","79.30","78.15","5.98M","0.24%"
"Mar 12, 2019","78.74","78.48","79.14","78.05","6.13M","0.85%"
"Mar 11, 2019","78.08","77.57","78.31","77.27","8.08M","0.64%"
"Mar 08, 2019","77.58","77.67","78.04","77.09","6.19M","-0.84%"
"Mar 07, 2019","78.24","77.77","79.12","77.44","6.64M","0.19%"
"Mar 06, 2019","78.09","79.13","79.13","77.56","5.29M","-1.04%"
"Mar 05, 2019","78.91","79.38","79.90","78.72","5.93M","-0.69%"
"Mar 04, 2019","79.46","80.40","80.73","79.11","5.87M","-0.80%"
"Mar 01, 2019","80.10","79.77","80.85","79.28","8.57M","1.09%"
"Feb 28, 2019","79.24","79.46","79.71","78.75","6.31M","-0.21%"
"Feb 27, 2019","79.41","80.14","80.14","78.80","4.18M","-1.37%"
"Feb 26, 2019","80.51","80.20","80.86","80.02","4.28M","0.27%"
"Feb 25, 2019","80.29","80.46","80.62","79.88","5.51M","0.34%"
"Feb 22, 2019","80.02","79.16","80.19","78.24","5.02M","1.61%"
"Feb 21, 2019","78.75","79.74","79.91","78.10","6.36M","-1.55%"
"Feb 20, 2019","79.99","80.53","80.60","79.14","5.56M","-0.66%"
"Feb 19, 2019","80.52","80.50","81.52","80.23","5.67M","-0.41%"
"Feb 15, 2019","80.85","81.13","81.70","80.16","6.30M","0.41%"
"Feb 14, 2019","80.52","80.45","80.68","79.72","3.44M","-0.33%"
"Feb 13, 2019","80.79","80.34","81.32","80.29","4.24M","1.08%"
"Feb 12, 2019","79.93","79.99","80.12","78.57","6.62M","0.20%"
"Feb 11, 2019","79.77","79.89","80.18","79.17","4.80M","0.13%"
"Feb 08, 2019","79.67","79.03","79.86","78.89","4.60M","0.63%"
"Feb 07, 2019","79.17","78.35","79.22","77.81","5.88M","0.11%"
"Feb 06, 2019","79.08","79.60","79.89","78.79","4.91M","-0.77%"
"Feb 05, 2019","79.69","78.56","80.06","78.22","7.97M","1.48%"
"Feb 04, 2019","78.53","80.30","80.36","77.52","10.21M","-2.45%"
"Feb 01, 2019","80.50","80.25","80.73","79.11","6.76M","0.26%"
"Jan 31, 2019","80.29","78.95","81.31","78.71","11.56M","1.56%"
"Jan 30, 2019","79.06","77.69","79.19","76.98","9.28M","2.05%"
"Jan 29, 2019","77.47","77.03","78.16","75.77","13.91M","0.43%"
"Jan 28, 2019","77.14","80.00","80.10","76.68","14.72M","-4.22%"
"Jan 25, 2019","80.54","82.51","82.61","79.43","21.35M","-6.22%"
"Jan 24, 2019","85.88","88.33","88.44","85.10","8.37M","-2.91%"
"Jan 23, 2019","88.45","88.84","89.28","87.70","4.97M","-0.24%"
"Jan 22, 2019","88.66","88.86","89.36","87.90","5.66M","-0.94%"
"Jan 18, 2019","89.50","88.45","89.79","86.92","6.19M","2.64%"
"Jan 17, 2019","87.20","85.54","87.69","85.42","6.44M","1.93%"
"Jan 16, 2019","85.55","85.66","86.39","85.45","4.93M","0.06%"
"Jan 15, 2019","85.50","84.93","85.68","84.45","7.30M","0.87%"
"Jan 14, 2019","84.76","86.97","86.97","84.49","6.37M","-4.02%"
"Jan 11, 2019","88.31","87.54","88.31","87.54","5.32M","0.12%"
"Jan 10, 2019","88.20","87.88","88.88","87.12","6.53M","0.44%"
"Jan 09, 2019","87.81","90.88","91.39","87.46","9.97M","-3.28%"
"Jan 08, 2019","90.79","91.20","92.30","90.40","7.48M","0.46%"
"Jan 07, 2019","90.37","90.07","90.76","89.20","7.28M","1.46%"
"Jan 04, 2019","89.07","87.75","89.14","86.27","8.91M","3.22%"
"Jan 03, 2019","86.29","88.64","88.80","86.08","7.65M","-3.29%"
"Jan 02, 2019","89.23","91.24","91.26","88.42","6.91M","-3.21%"
"Dec 31, 2018","92.19","91.60","92.99","91.23","5.72M","1.17%"
"Dec 28, 2018","91.12","90.09","92.82","90.00","6.04M","1.35%"
"Dec 27, 2018","89.91","87.95","89.93","86.86","7.27M","0.98%"
"Dec 26, 2018","89.04","84.74","89.09","84.62","6.23M","5.80%"
"Dec 24, 2018","84.16","84.85","86.44","83.60","5.10M","-0.89%"
"Dec 21, 2018","84.92","84.63","88.71","83.22","16.04M","-0.53%"
"Dec 20, 2018","85.37","82.99","86.48","82.41","9.45M","2.22%"
"Dec 19, 2018","83.52","84.33","86.30","82.65","5.51M","-0.07%"
"Dec 18, 2018","83.58","85.46","85.50","82.80","5.29M","-1.59%"
"Dec 17, 2018","84.93","85.07","86.88","84.20","5.96M","-0.79%"
"Dec 14, 2018","85.61","86.80","87.16","85.08","5.46M","-2.39%"
"Dec 13, 2018","87.71","89.37","89.99","87.37","4.08M","-1.00%"
"Dec 12, 2018","88.60","89.32","90.17","88.36","4.19M","0.49%"
"Dec 11, 2018","88.17","88.62","89.44","86.66","5.10M","0.64%"
"Dec 10, 2018","87.61","86.67","87.88","84.60","5.23M","0.75%"
"Dec 07, 2018","86.96","89.93","90.00","86.37","6.74M","-3.73%"
"Dec 06, 2018","90.33","89.70","90.48","87.17","8.73M","-0.24%"
"Dec 04, 2018","90.55","93.92","94.98","90.40","7.01M","-3.32%"
"Dec 03, 2018","93.66","94.32","94.72","92.82","6.67M","-0.65%"
"Nov 30, 2018","94.27","90.26","94.27","89.87","12.03M","4.85%"
"Nov 29, 2018","89.91","89.01","90.33","88.36","3.84M","1.09%"
"Nov 28, 2018","88.94","88.04","88.96","86.56","3.95M","1.44%"
"Nov 27, 2018","87.68","86.22","87.70","85.50","4.34M","1.67%"
"Nov 26, 2018","86.24","86.39","87.25","85.21","5.23M","0.71%"
"Nov 23, 2018","85.63","85.60","86.55","84.90","1.61M","-0.60%"
"Nov 21, 2018","86.15","88.50","88.78","85.37","6.53M","-2.20%"
"Nov 20, 2018","88.09","89.00","89.71","87.86","5.37M","-1.55%"
"Nov 19, 2018","89.48","91.29","92.34","89.11","5.97M","-2.24%"
"Nov 16, 2018","91.53","89.73","92.00","89.20","8.69M","1.54%"
"Nov 15, 2018","90.14","87.63","90.29","85.96","10.37M","2.07%"
"Nov 14, 2018","88.31","89.05","89.40","86.45","7.27M","0.10%"
"Nov 13, 2018","88.22","90.00","90.88","88.20","7.24M","-1.64%"
"Nov 12, 2018","89.69","88.75","89.89","88.50","9.34M","1.01%"
"Nov 09, 2018","88.79","87.83","89.53","87.56","9.17M","1.21%"
"Nov 08, 2018","87.73","87.13","89.71","87.00","9.33M","0.89%"
"Nov 07, 2018","86.96","84.15","87.22","84.14","10.38M","3.94%"
"Nov 06, 2018","83.66","82.73","84.23","82.31","7.95M","1.31%"
"Nov 05, 2018","82.58","79.45","83.83","79.27","10.32M","3.80%"
"Nov 02, 2018","79.56","84.18","84.42","78.76","12.78M","-0.81%"
"Nov 01, 2018","80.21","77.71","80.65","77.50","10.67M","3.03%"
"Oct 31, 2018","77.85","80.98","81.58","77.74","14.07M","-4.58%"
"Oct 30, 2018","81.59","81.93","82.88","80.13","5.24M","0.28%"
"Oct 29, 2018","81.36","82.15","83.17","79.94","4.34M","0.71%"
"Oct 26, 2018","80.79","81.02","81.53","79.43","6.18M","-1.15%"
"Oct 25, 2018","81.73","80.40","83.19","79.66","9.17M","2.92%"
"Oct 24, 2018","79.41","82.84","83.13","79.26","8.69M","-4.28%"
"Oct 23, 2018","82.96","82.58","84.59","81.50","8.10M","-1.55%"
"Oct 22, 2018","84.27","88.53","88.53","83.50","7.62M","-4.21%"
"Oct 19, 2018","87.97","89.26","89.99","87.97","7.06M","-2.15%"
"Oct 18, 2018","89.90","91.85","92.40","89.22","4.42M","-2.57%"
"Oct 17, 2018","92.27","91.82","92.41","90.83","2.86M","0.39%"
"Oct 16, 2018","91.91","89.78","91.98","89.53","3.79M","3.06%"
"Oct 15, 2018","89.18","90.51","90.60","89.17","4.83M","-1.67%"
"Oct 12, 2018","90.69","90.71","91.08","88.90","5.71M","-0.01%"
"Oct 11, 2018","90.70","93.00","93.38","89.61","9.99M","-2.56%"
"Oct 10, 2018","93.08","93.85","95.39","92.99","5.31M","-1.58%"
"Oct 09, 2018","94.57","94.71","95.26","93.80","3.63M","-0.25%"
"Oct 08, 2018","94.81","94.07","95.37","93.75","3.31M","0.46%"
"Oct 05, 2018","94.38","94.10","95.27","92.91","4.19M","0.58%"
"Oct 04, 2018","93.84","95.81","95.81","93.26","4.43M","-2.26%"
"Oct 03, 2018","96.01","94.64","96.60","94.60","4.80M","1.89%"
"Oct 02, 2018","94.23","95.34","95.35","93.47","6.79M","-0.81%"
"Oct 01, 2018","95.00","94.74","95.64","94.33","3.76M","0.44%"
"Sep 28, 2018","94.58","94.00","95.16","93.84","4.53M","0.47%"
"Sep 27, 2018","94.14","94.35","94.89","93.96","3.03M","-0.04%"
"Sep 26, 2018","94.18","94.29","95.11","93.85","4.66M","0.43%"
"Sep 25, 2018","93.78","93.48","94.64","93.40","5.30M","0.39%"
"Sep 24, 2018","93.42","92.30","93.98","91.95","5.91M","1.26%"
"Sep 21, 2018","92.26","92.85","93.33","92.05","9.95M","-0.45%"
"Sep 20, 2018","92.68","91.43","93.12","90.62","5.99M","1.82%"
"Sep 19, 2018","91.02","91.71","92.24","90.40","8.45M","-1.72%"
"Sep 18, 2018","92.61","95.35","96.06","92.41","10.24M","-2.89%"
"Sep 17, 2018","95.37","95.40","96.16","94.80","3.99M","-0.32%"
"Sep 14, 2018","95.68","96.29","96.40","94.92","3.45M","-0.67%"
"Sep 13, 2018","96.33","93.42","96.37","93.41","4.85M","3.31%"